Topic,SQA
49ers,0.07053626226071148
Amazon,0.20144141572713
Beyonce,0.14545664805627606
Chicago,0.07432988182152976
Christmas,0.0808533880763703
Eagles,0.0636604774535809
Facebook,0.022988505747126436
Flu,0.07672955974842767
Graduation,0.060059422750424446
Grammys,0.01847826086956522
Iphone,0.001130582249858677
Kobe,0.07520032753353592
McDonalds,0.03818805551224076
NBA,0.06183138535214377
NYC,0.08444119558154646
Netflix,0.18045433262648178
Obama,0.11245821691190803
Paris,0.071703640845355
Patriots,0.12839270820922197
Seahawks,0.02452890247007894
Superbowl,0.04878048780487805
Thanksgiving,0.12588684169333134
VMA,0.056637168141592927
WWE,0.06106951830677475
Xbox,0.037037037037037035
